MONTH,temperature_avg,rainfall_avg,msal,nsal
1,17.753724340175953,13.033636363636363,0.4519792,5.084487
2,22.239023734885805,33.445454545454545,1.733333,19.49893
3,27.241583577712614,46.303636363636365,5.559674,62.54291
4,30.75133333333333,112.24363636363637,8.889375,100.0
5,30.027067448680352,293.7518181818182,8.684432,97.69452
6,29.001848484848484,315.29272727272723,1.073889,12.08059
7,28.505601173020526,489.5781818181818,0.132,1.484919
8,28.25524926686217,437.7263636363636,0.129359,1.455209
9,27.967181818181817,308.09272727272725,0.1541667,1.73428
10,26.545659824046922,243.78363636363636,0.1363542,1.5339
11,22.34587878787879,45.07,0.1582222,1.779903
12,18.39076246334311,31.007272727272724,0.2195652,2.469974
